event_url,rank,last_name,first_name,nationality,total_time,swim_time,bike_time,run_time,athlete_url
http://triathlonranking2.perfectpace.com/event/1754,1,Vollmann,David,AUT,01:05:00,00:09:41,00:35:34,00:17:43,http://triathlonranking2.perfectpace.com/athlete/129317
http://triathlonranking2.perfectpace.com/event/1754,2,Vollmann,Noah,AUT,01:09:58,00:10:39,00:38:15,00:18:45,http://triathlonranking2.perfectpace.com/athlete/241044
http://triathlonranking2.perfectpace.com/event/1754,3,Bauer,Robert,AUT,01:10:07,00:12:02,00:36:36,00:18:55,http://triathlonranking2.perfectpace.com/athlete/263181
http://triathlonranking2.perfectpace.com/event/1754,4,Pölzgutter,Christoph,AUT,01:10:32,00:10:55,00:37:26,00:19:59,http://triathlonranking2.perfectpace.com/athlete/169917
http://triathlonranking2.perfectpace.com/event/1754,5,Bachleitner-Hofmann,Felix,AUT,01:11:37,00:11:37,00:38:11,00:19:40,http://triathlonranking2.perfectpace.com/athlete/251420
http://triathlonranking2.perfectpace.com/event/1754,6,Ziachehabi,Tobias,AUT,01:12:45,00:11:09,00:37:14,00:21:41,http://triathlonranking2.perfectpace.com/athlete/235249
http://triathlonranking2.perfectpace.com/event/1754,7,Grabenhofer,Daniel,AUT,01:13:54,00:12:51,00:36:49,00:21:42,http://triathlonranking2.perfectpace.com/athlete/196983
http://triathlonranking2.perfectpace.com/event/1754,8,Pajor,Gabor,HUN,01:14:40,00:12:45,00:39:28,00:19:57,http://triathlonranking2.perfectpace.com/athlete/263182
http://triathlonranking2.perfectpace.com/event/1754,9,Pawlik,David,AUT,01:14:54,00:12:31,00:38:18,00:20:57,http://triathlonranking2.perfectpace.com/athlete/7740
http://triathlonranking2.perfectpace.com/event/1754,10,Caser,Emil,AUT,01:15:38,00:10:35,00:42:40,00:20:13,http://triathlonranking2.perfectpace.com/athlete/251419
http://triathlonranking2.perfectpace.com/event/1754,11,Brunar,Leander,AUT,01:15:55,00:11:05,00:39:42,00:22:22,http://triathlonranking2.perfectpace.com/athlete/232522
http://triathlonranking2.perfectpace.com/event/1754,12,Puletz,Max,AUT,01:17:08,00:12:53,00:40:20,00:21:22,http://triathlonranking2.perfectpace.com/athlete/251424
http://triathlonranking2.perfectpace.com/event/1754,13,Haslinger,Jakob,AUT,01:17:09,00:13:25,00:38:00,00:22:58,http://triathlonranking2.perfectpace.com/athlete/263183
http://triathlonranking2.perfectpace.com/event/1754,14,Doppler,Michael,AUT,01:17:46,00:13:35,00:37:41,00:23:45,http://triathlonranking2.perfectpace.com/athlete/43018
http://triathlonranking2.perfectpace.com/event/1754,15,Weiß,Dominik,AUT,01:18:03,00:13:29,00:38:17,00:22:58,http://triathlonranking2.perfectpace.com/athlete/231966
http://triathlonranking2.perfectpace.com/event/1754,16,CONTI,Stefano,ITA,01:18:13,00:12:09,00:39:51,00:23:01,http://triathlonranking2.perfectpace.com/athlete/47009
http://triathlonranking2.perfectpace.com/event/1754,17,Freinberger,Franz,AUT,01:18:26,00:13:23,00:39:52,00:22:30,http://triathlonranking2.perfectpace.com/athlete/455
http://triathlonranking2.perfectpace.com/event/1754,18,Fuhrmann,Rainer,AUT,01:18:37,00:15:48,00:37:44,00:22:31,http://triathlonranking2.perfectpace.com/athlete/11522
http://triathlonranking2.perfectpace.com/event/1754,19,Bednar,Tomas,CZE,01:18:49,00:10:44,00:42:24,00:22:52,http://triathlonranking2.perfectpace.com/athlete/12490
http://triathlonranking2.perfectpace.com/event/1754,20,Löb,Christoph,AUT,01:18:56,00:14:24,00:39:22,00:22:26,http://triathlonranking2.perfectpace.com/athlete/225965
http://triathlonranking2.perfectpace.com/event/1754,21,Sailer,David,AUT,01:19:26,00:14:30,00:39:15,00:22:14,http://triathlonranking2.perfectpace.com/athlete/263184
http://triathlonranking2.perfectpace.com/event/1754,22,Erlacher,David,AUT,01:20:48,00:16:18,00:38:42,00:22:36,http://triathlonranking2.perfectpace.com/athlete/231134
http://triathlonranking2.perfectpace.com/event/1754,23,Liska,Tomas,SVK,01:21:14,00:13:28,00:39:52,00:24:11,http://triathlonranking2.perfectpace.com/athlete/110080
http://triathlonranking2.perfectpace.com/event/1754,24,Vecsera,Balazs,HUN,01:21:43,00:13:52,00:42:28,00:21:21,http://triathlonranking2.perfectpace.com/athlete/263185
http://triathlonranking2.perfectpace.com/event/1754,25,Knoll,Reinhard,AUT,01:22:39,00:13:40,00:41:06,00:24:10,http://triathlonranking2.perfectpace.com/athlete/209526
http://triathlonranking2.perfectpace.com/event/1754,26,Beck,Christopher,AUT,01:23:38,00:13:13,00:42:55,00:24:15,http://triathlonranking2.perfectpace.com/athlete/8835
http://triathlonranking2.perfectpace.com/event/1754,27,Unterweger,Markus,AUT,01:24:07,00:11:59,00:41:32,00:27:38,http://triathlonranking2.perfectpace.com/athlete/2697
http://triathlonranking2.perfectpace.com/event/1754,28,Hölbling,Thomas,AUT,01:24:15,00:13:07,00:44:35,00:23:21,http://triathlonranking2.perfectpace.com/athlete/243025
http://triathlonranking2.perfectpace.com/event/1754,29,Tus,Andraz,SLO,01:24:24,00:15:13,00:40:38,00:24:26,http://triathlonranking2.perfectpace.com/athlete/263186
http://triathlonranking2.perfectpace.com/event/1754,30,Stocker,Simon,AUT,01:24:47,00:14:22,00:42:06,00:24:37,http://triathlonranking2.perfectpace.com/athlete/263187
http://triathlonranking2.perfectpace.com/event/1754,31,Achathaller,Zacharias,AUT,01:25:08,00:12:40,00:46:25,00:22:46,http://triathlonranking2.perfectpace.com/athlete/263188
http://triathlonranking2.perfectpace.com/event/1754,32,Schrottner,Rene,AUT,01:25:25,00:15:38,00:45:23,00:21:51,http://triathlonranking2.perfectpace.com/athlete/210586
http://triathlonranking2.perfectpace.com/event/1754,33,Auer,Yannik,AUT,01:25:39,00:13:31,00:46:40,00:21:59,http://triathlonranking2.perfectpace.com/athlete/250840
http://triathlonranking2.perfectpace.com/event/1754,34,Klimes,Martin,AUT,01:25:51,00:17:18,00:40:04,00:25:29,http://triathlonranking2.perfectpace.com/athlete/17235
http://triathlonranking2.perfectpace.com/event/1754,35,Schlentc,Frederik,SVK,01:26:59,00:16:24,00:41:24,00:25:17,http://triathlonranking2.perfectpace.com/athlete/263189
http://triathlonranking2.perfectpace.com/event/1754,36,Schwingenschuh,Kurt,AUT,01:27:12,00:16:04,00:43:14,00:25:13,http://triathlonranking2.perfectpace.com/athlete/4881
http://triathlonranking2.perfectpace.com/event/1754,37,Vollmann,Julian,AUT,01:27:36,00:15:27,00:41:56,00:25:46,http://triathlonranking2.perfectpace.com/athlete/240934
http://triathlonranking2.perfectpace.com/event/1754,38,Mares,Simon,CZE,01:28:06,00:18:23,00:40:45,00:23:16,http://triathlonranking2.perfectpace.com/athlete/263190
http://triathlonranking2.perfectpace.com/event/1754,39,Schwarz,Markus,AUT,01:28:18,00:15:52,00:44:24,00:24:21,http://triathlonranking2.perfectpace.com/athlete/263191
http://triathlonranking2.perfectpace.com/event/1754,40,Huber,Maximilian,AUT,01:29:49,00:16:23,00:43:19,00:26:15,http://triathlonranking2.perfectpace.com/athlete/233636
http://triathlonranking2.perfectpace.com/event/1754,41,Gehmayer,Lukas,AUT,01:29:58,00:18:34,00:44:21,00:23:04,http://triathlonranking2.perfectpace.com/athlete/263192
http://triathlonranking2.perfectpace.com/event/1754,42,Erber,Christoph,AUT,01:30:34,00:16:34,00:45:00,00:25:26,http://triathlonranking2.perfectpace.com/athlete/248431
http://triathlonranking2.perfectpace.com/event/1754,43,Greimel,Martin,AUT,01:30:43,00:16:23,00:44:28,00:25:03,http://triathlonranking2.perfectpace.com/athlete/262716
http://triathlonranking2.perfectpace.com/event/1754,44,Göller,Christoph,GER,01:31:31,00:17:15,00:45:00,00:25:02,http://triathlonranking2.perfectpace.com/athlete/179879
http://triathlonranking2.perfectpace.com/event/1754,45,Knoll,Gabriel,GER,01:32:02,00:13:11,00:45:26,00:29:34,http://triathlonranking2.perfectpace.com/athlete/44167
http://triathlonranking2.perfectpace.com/event/1754,46,Wenger,Arnold,AUT,01:32:23,00:18:16,00:42:14,00:26:01,http://triathlonranking2.perfectpace.com/athlete/263193
http://triathlonranking2.perfectpace.com/event/1754,47,Kloiber,Andreas,AUT,01:32:26,00:16:43,00:42:58,00:27:59,http://triathlonranking2.perfectpace.com/athlete/93460
http://triathlonranking2.perfectpace.com/event/1754,48,Bruckner,Michael,AUT,01:32:29,00:17:16,00:46:57,00:23:54,http://triathlonranking2.perfectpace.com/athlete/108234
http://triathlonranking2.perfectpace.com/event/1754,49,Djurcik,Martin,AUT,01:32:50,00:16:20,00:45:39,00:26:46,http://triathlonranking2.perfectpace.com/athlete/251452
http://triathlonranking2.perfectpace.com/event/1754,50,Resch,Günther,AUT,01:32:59,00:15:03,00:45:29,00:27:54,http://triathlonranking2.perfectpace.com/athlete/25497
http://triathlonranking2.perfectpace.com/event/1754,51,Zuschnig,Martin,AUT,01:33:03,00:16:33,00:47:06,00:24:23,http://triathlonranking2.perfectpace.com/athlete/235416
http://triathlonranking2.perfectpace.com/event/1754,52,Fuchs,Christopher,AUT,01:33:37,00:17:13,00:46:26,00:24:43,http://triathlonranking2.perfectpace.com/athlete/243585
http://triathlonranking2.perfectpace.com/event/1754,53,Berger,Martin,AUT,01:33:39,00:17:04,00:45:02,00:28:11,http://triathlonranking2.perfectpace.com/athlete/8137
http://triathlonranking2.perfectpace.com/event/1754,54,Gerdes,Hendrik,GER,01:33:59,00:15:15,00:45:07,00:28:59,http://triathlonranking2.perfectpace.com/athlete/263194
http://triathlonranking2.perfectpace.com/event/1754,55,Pratscher,Manuel,AUT,01:34:08,00:15:49,00:45:48,00:27:53,http://triathlonranking2.perfectpace.com/athlete/263195
http://triathlonranking2.perfectpace.com/event/1754,56,Bacun,Peter,AUT,01:34:13,00:21:23,00:45:06,00:23:55,http://triathlonranking2.perfectpace.com/athlete/79863
http://triathlonranking2.perfectpace.com/event/1754,57,Krenn,Thomas,AUT,01:34:21,00:18:28,00:46:36,00:24:47,http://triathlonranking2.perfectpace.com/athlete/263196
http://triathlonranking2.perfectpace.com/event/1754,58,Grünberger,Klaus,AUT,01:34:28,00:17:03,00:44:25,00:28:27,http://triathlonranking2.perfectpace.com/athlete/225985
http://triathlonranking2.perfectpace.com/event/1754,59,Kahr,Martin,AUT,01:34:45,00:18:56,00:44:54,00:27:42,http://triathlonranking2.perfectpace.com/athlete/2644
http://triathlonranking2.perfectpace.com/event/1754,60,Scherz,Heinz,AUT,01:34:50,00:17:39,00:46:33,00:27:52,http://triathlonranking2.perfectpace.com/athlete/79467
http://triathlonranking2.perfectpace.com/event/1755,1,Spandl,Marcel,AUT,02:04:36,00:23:54,00:57:55,00:40:01,http://triathlonranking2.perfectpace.com/athlete/44258
http://triathlonranking2.perfectpace.com/event/1755,2,Trutz,Alex,SVK,02:05:58,00:22:07,01:01:45,00:39:28,http://triathlonranking2.perfectpace.com/athlete/230970
http://triathlonranking2.perfectpace.com/event/1755,3,Tichy,Philipp,AUT,02:08:28,00:23:15,01:00:41,00:41:51,http://triathlonranking2.perfectpace.com/athlete/2587
http://triathlonranking2.perfectpace.com/event/1755,4,Goll,Bernhard,AUT,02:09:44,00:25:19,01:03:23,00:38:07,http://triathlonranking2.perfectpace.com/athlete/2945
http://triathlonranking2.perfectpace.com/event/1755,5,Lukacs,Markus,AUT,02:11:18,00:23:59,01:02:17,00:42:01,http://triathlonranking2.perfectpace.com/athlete/4476
http://triathlonranking2.perfectpace.com/event/1755,6,Höfler,Alexander,AUT,02:12:22,00:25:33,01:03:55,00:39:45,http://triathlonranking2.perfectpace.com/athlete/169792
http://triathlonranking2.perfectpace.com/event/1755,7,Helmberger,Christian,AUT,02:12:43,00:25:21,01:03:18,00:40:52,http://triathlonranking2.perfectpace.com/athlete/89
http://triathlonranking2.perfectpace.com/event/1755,8,Mair,Wolfgang,AUT,02:13:40,00:27:25,01:01:57,00:41:43,http://triathlonranking2.perfectpace.com/athlete/11523
http://triathlonranking2.perfectpace.com/event/1755,9,Agoston,Koch,HUN,02:15:46,00:25:54,01:08:33,00:38:39,http://triathlonranking2.perfectpace.com/athlete/263345
http://triathlonranking2.perfectpace.com/event/1755,10,Wolf,Eric,AUT,02:16:45,00:25:35,01:05:10,00:43:18,http://triathlonranking2.perfectpace.com/athlete/258623
http://triathlonranking2.perfectpace.com/event/1755,11,Beck-Mannagetta,Paul,AUT,02:20:00,00:26:13,01:08:01,00:41:39,http://triathlonranking2.perfectpace.com/athlete/257663
http://triathlonranking2.perfectpace.com/event/1755,12,Bernat,Koch,HUN,02:20:28,00:26:33,01:10:37,00:40:57,http://triathlonranking2.perfectpace.com/athlete/263346
http://triathlonranking2.perfectpace.com/event/1755,13,Domonkos,Koch,HUN,02:21:30,00:23:10,01:11:39,00:44:18,http://triathlonranking2.perfectpace.com/athlete/263347
http://triathlonranking2.perfectpace.com/event/1755,14,Kiefer,Reinhard,AUT,02:21:59,00:24:57,01:07:21,00:46:01,http://triathlonranking2.perfectpace.com/athlete/192305
http://triathlonranking2.perfectpace.com/event/1755,15,Martin,Christoph,AUT,02:22:17,00:26:55,01:03:01,00:48:47,http://triathlonranking2.perfectpace.com/athlete/200246
http://triathlonranking2.perfectpace.com/event/1755,16,Wiedner,Dominik,AUT,02:22:33,00:26:51,01:05:55,00:46:25,http://triathlonranking2.perfectpace.com/athlete/13755
http://triathlonranking2.perfectpace.com/event/1755,17,Rous,Uros,SLO,02:23:05,00:24:53,01:07:02,00:48:19,http://triathlonranking2.perfectpace.com/athlete/257444
http://triathlonranking2.perfectpace.com/event/1755,18,Girkinger,Jan,AUT,02:23:22,00:23:14,01:07:54,00:49:00,http://triathlonranking2.perfectpace.com/athlete/231974
http://triathlonranking2.perfectpace.com/event/1755,19,Nairz,Florian,AUT,02:25:07,00:26:36,01:09:08,00:45:54,http://triathlonranking2.perfectpace.com/athlete/191131
http://triathlonranking2.perfectpace.com/event/1755,20,Föge,Jannis,AUT,02:27:23,00:26:39,01:10:52,00:46:02,http://triathlonranking2.perfectpace.com/athlete/210588
http://triathlonranking2.perfectpace.com/event/1755,21,Jaworsky,Rainer,AUT,02:27:44,00:29:44,01:05:44,00:48:42,http://triathlonranking2.perfectpace.com/athlete/159995
http://triathlonranking2.perfectpace.com/event/1755,22,Lang,Stefan,GER,02:28:09,00:31:51,01:07:28,00:45:26,http://triathlonranking2.perfectpace.com/athlete/7063
http://triathlonranking2.perfectpace.com/event/1755,23,Karner,Manfred,AUT,02:28:56,00:29:24,01:05:33,00:49:06,http://triathlonranking2.perfectpace.com/athlete/129552
http://triathlonranking2.perfectpace.com/event/1755,24,Nagl,Norbert,AUT,02:29:06,00:22:06,01:11:59,00:51:43,http://triathlonranking2.perfectpace.com/athlete/65
http://triathlonranking2.perfectpace.com/event/1755,25,Matús,Jan,SVK,02:29:31,00:27:34,01:12:08,00:45:25,http://triathlonranking2.perfectpace.com/athlete/263348
http://triathlonranking2.perfectpace.com/event/1755,26,Gschwandtner,Daniel,AUT,02:29:37,00:31:51,01:09:10,00:45:18,http://triathlonranking2.perfectpace.com/athlete/251808
http://triathlonranking2.perfectpace.com/event/1755,27,Schatzl,Herbert,AUT,02:29:46,00:28:03,01:11:34,00:46:28,http://triathlonranking2.perfectpace.com/athlete/233793
http://triathlonranking2.perfectpace.com/event/1755,28,Polonyi,Balazs,HUN,02:29:52,00:24:50,01:10:21,00:50:43,http://triathlonranking2.perfectpace.com/athlete/263349
http://triathlonranking2.perfectpace.com/event/1755,29,Müller,Johannes,GER,02:30:13,00:30:23,01:10:58,00:44:49,http://triathlonranking2.perfectpace.com/athlete/258256
http://triathlonranking2.perfectpace.com/event/1755,30,Rausch,Josef,AUT,02:30:28,00:29:54,01:11:43,00:46:03,http://triathlonranking2.perfectpace.com/athlete/13488
http://triathlonranking2.perfectpace.com/event/1755,31,Schneider,Lukas,AUT,02:31:03,00:27:46,01:08:31,00:51:05,http://triathlonranking2.perfectpace.com/athlete/258364
http://triathlonranking2.perfectpace.com/event/1755,32,Dreier,Dominik,AUT,02:31:11,00:29:07,01:06:04,00:51:43,http://triathlonranking2.perfectpace.com/athlete/257520
http://triathlonranking2.perfectpace.com/event/1755,33,Srb,Thomas,AUT,02:31:20,00:33:34,01:07:13,00:45:56,http://triathlonranking2.perfectpace.com/athlete/14080
http://triathlonranking2.perfectpace.com/event/1755,34,Bucher,Georg,AUT,02:31:35,00:29:46,01:08:50,00:49:09,http://triathlonranking2.perfectpace.com/athlete/252257
http://triathlonranking2.perfectpace.com/event/1755,35,Kamrla,Tomas,SVK,02:32:07,00:27:03,01:12:27,00:48:54,http://triathlonranking2.perfectpace.com/athlete/187161
http://triathlonranking2.perfectpace.com/event/1755,36,Handler,Michael,AUT,02:32:14,00:32:06,01:10:09,00:44:39,http://triathlonranking2.perfectpace.com/athlete/263350
http://triathlonranking2.perfectpace.com/event/1755,37,Rath,Marco,AUT,02:32:35,00:27:43,01:08:39,00:52:19,http://triathlonranking2.perfectpace.com/athlete/197026
http://triathlonranking2.perfectpace.com/event/1755,38,Auer,Arno,AUT,02:33:04,00:29:45,01:08:07,00:51:22,http://triathlonranking2.perfectpace.com/athlete/2608
http://triathlonranking2.perfectpace.com/event/1755,39,Bitzinger,Patrick,AUT,02:33:27,00:31:29,01:06:01,00:50:18,http://triathlonranking2.perfectpace.com/athlete/187178
http://triathlonranking2.perfectpace.com/event/1755,40,Müllauer,Andreas,AUT,02:34:09,00:31:21,01:09:15,00:48:44,http://triathlonranking2.perfectpace.com/athlete/263351
http://triathlonranking2.perfectpace.com/event/1755,41,Mikulasek,Viktor,AUT,02:34:18,00:27:49,01:16:25,00:45:31,http://triathlonranking2.perfectpace.com/athlete/263352
http://triathlonranking2.perfectpace.com/event/1755,42,Lisy,Lorenz,AUT,02:35:22,00:34:37,01:08:23,00:47:01,http://triathlonranking2.perfectpace.com/athlete/263353
http://triathlonranking2.perfectpace.com/event/1755,43,Kukucz-Legien,Michal,POL,02:35:25,00:26:44,01:08:41,00:55:26,http://triathlonranking2.perfectpace.com/athlete/210866
http://triathlonranking2.perfectpace.com/event/1755,44,Cerny,Vladimir,SVK,02:35:42,00:28:44,01:08:01,00:53:20,http://triathlonranking2.perfectpace.com/athlete/12638
http://triathlonranking2.perfectpace.com/event/1755,45,Petlach,Marcel,AUT,02:35:45,00:30:29,01:10:23,00:50:56,http://triathlonranking2.perfectpace.com/athlete/263354
http://triathlonranking2.perfectpace.com/event/1755,46,Kleebinder,Stephan,AUT,02:36:31,00:32:08,01:10:07,00:50:02,http://triathlonranking2.perfectpace.com/athlete/235273
http://triathlonranking2.perfectpace.com/event/1755,47,Kinzlbauer,Markus,AUT,02:36:40,00:31:34,01:08:30,00:51:08,http://triathlonranking2.perfectpace.com/athlete/43244
http://triathlonranking2.perfectpace.com/event/1755,48,Guenther,Felix,AUT,02:37:20,00:25:14,01:16:52,00:50:12,http://triathlonranking2.perfectpace.com/athlete/263355
http://triathlonranking2.perfectpace.com/event/1755,49,Koiser,Michael,AUT,02:37:28,00:31:17,01:12:29,00:49:24,http://triathlonranking2.perfectpace.com/athlete/168018
http://triathlonranking2.perfectpace.com/event/1755,50,Buchberger,Thomas,AUT,02:38:03,00:35:25,01:05:34,00:52:31,http://triathlonranking2.perfectpace.com/athlete/248663
http://triathlonranking2.perfectpace.com/event/1755,51,Haubenwallner,Sandro,AUT,02:38:06,00:31:23,01:08:31,00:53:00,http://triathlonranking2.perfectpace.com/athlete/263356
http://triathlonranking2.perfectpace.com/event/1755,52,Sukalia,Markus,AUT,02:38:22,00:32:34,01:11:16,00:50:42,http://triathlonranking2.perfectpace.com/athlete/198844
http://triathlonranking2.perfectpace.com/event/1755,53,Riegler-Tempelhof,Lucas,AUT,02:38:36,00:25:52,01:11:29,00:55:51,http://triathlonranking2.perfectpace.com/athlete/263357
http://triathlonranking2.perfectpace.com/event/1755,54,Koeck,Markus,AUT,02:38:42,00:34:17,01:07:18,00:52:43,http://triathlonranking2.perfectpace.com/athlete/262705
http://triathlonranking2.perfectpace.com/event/1755,55,Szabó,András,HUN,02:38:53,00:31:17,01:13:13,00:51:35,http://triathlonranking2.perfectpace.com/athlete/177305
http://triathlonranking2.perfectpace.com/event/1755,56,Katschnig,Reinhold,AUT,02:38:58,00:33:58,01:10:58,00:49:30,http://triathlonranking2.perfectpace.com/athlete/186617
http://triathlonranking2.perfectpace.com/event/1755,57,Gangl,Patrick,LIE,02:39:27,00:39:26,01:07:16,00:49:14,http://triathlonranking2.perfectpace.com/athlete/243724
http://triathlonranking2.perfectpace.com/event/1755,58,Sustr,Eduard,SVK,02:39:35,00:35:11,01:12:49,00:46:57,http://triathlonranking2.perfectpace.com/athlete/263358
http://triathlonranking2.perfectpace.com/event/1755,59,Windhager,Georg,AUT,02:39:35,00:29:16,01:14:17,00:49:13,http://triathlonranking2.perfectpace.com/athlete/263359
http://triathlonranking2.perfectpace.com/event/1755,60,Sparrer,Thomas,AUT,02:39:37,00:35:37,01:13:01,00:45:03,http://triathlonranking2.perfectpace.com/athlete/234246
http://triathlonranking2.perfectpace.com/event/1752,1,Oppolzer,Jan,CZE,08:18:03,00:59:17,04:23:53,02:50:59,http://triathlonranking2.perfectpace.com/athlete/165040
http://triathlonranking2.perfectpace.com/event/1752,2,Enzenberger,Georg,AUT,08:19:07,00:54:21,04:20:42,02:59:51,http://triathlonranking2.perfectpace.com/athlete/169516
http://triathlonranking2.perfectpace.com/event/1752,3,Montoisy,Guillaume,FRA,08:20:35,00:56:37,04:25:27,02:53:20,http://triathlonranking2.perfectpace.com/athlete/263042
http://triathlonranking2.perfectpace.com/event/1752,4,Schenk,Mathias,AUT,08:56:34,01:02:32,04:26:35,03:22:03,http://triathlonranking2.perfectpace.com/athlete/206986
http://triathlonranking2.perfectpace.com/event/1752,5,Weigl,Dominik,AUT,09:08:25,01:13:48,04:36:24,03:14:00,http://triathlonranking2.perfectpace.com/athlete/210365
http://triathlonranking2.perfectpace.com/event/1752,6,Talakovics,Manuel,AUT,09:17:09,01:06:31,04:42:21,03:24:19,http://triathlonranking2.perfectpace.com/athlete/8786
http://triathlonranking2.perfectpace.com/event/1752,7,Wiggerthale,Julius,GER,09:18:32,01:06:17,04:32:06,03:35:54,http://triathlonranking2.perfectpace.com/athlete/263043
http://triathlonranking2.perfectpace.com/event/1752,8,Tischler,Andreas,AUT,09:23:03,01:08:42,04:48:41,03:20:06,http://triathlonranking2.perfectpace.com/athlete/201705
http://triathlonranking2.perfectpace.com/event/1752,9,Angerer,Thomas,AUT,09:23:41,00:59:13,04:25:05,03:55:00,http://triathlonranking2.perfectpace.com/athlete/2770
http://triathlonranking2.perfectpace.com/event/1752,10,Parzer,Roman,AUT,09:24:21,01:07:27,04:34:18,03:38:22,http://triathlonranking2.perfectpace.com/athlete/225460
http://triathlonranking2.perfectpace.com/event/1752,11,Weißenbacher,Christian,AUT,09:42:15,01:18:14,04:57:54,03:18:36,http://triathlonranking2.perfectpace.com/athlete/121966
http://triathlonranking2.perfectpace.com/event/1752,12,Lingnau,Joachim,GER,09:46:20,01:17:13,04:42:18,03:37:14,http://triathlonranking2.perfectpace.com/athlete/230693
http://triathlonranking2.perfectpace.com/event/1752,13,Guarghias,Raphael-Fabian,AUT,09:57:50,01:12:11,04:50:25,03:49:26,http://triathlonranking2.perfectpace.com/athlete/263044
http://triathlonranking2.perfectpace.com/event/1752,14,Ostrenski,Alexis,CZE,10:00:31,01:11:22,04:57:12,03:46:56,http://triathlonranking2.perfectpace.com/athlete/263045
http://triathlonranking2.perfectpace.com/event/1752,15,Barath,Alexander,HUN,10:12:31,01:09:27,04:49:26,04:08:43,http://triathlonranking2.perfectpace.com/athlete/263046
http://triathlonranking2.perfectpace.com/event/1752,16,Galandr,Daniel,CZE,10:12:57,01:14:14,04:52:02,04:01:29,http://triathlonranking2.perfectpace.com/athlete/191626
http://triathlonranking2.perfectpace.com/event/1752,17,Gaar,Pascal,AUT,10:23:18,01:10:08,05:02:33,04:04:23,http://triathlonranking2.perfectpace.com/athlete/79638
http://triathlonranking2.perfectpace.com/event/1752,18,Gabriel,Peter,AUT,10:26:17,01:20:01,04:48:36,04:10:26,http://triathlonranking2.perfectpace.com/athlete/210869
http://triathlonranking2.perfectpace.com/event/1752,19,Molnár,Tamás,HUN,10:27:24,01:02:39,05:21:51,03:56:54,http://triathlonranking2.perfectpace.com/athlete/251377
http://triathlonranking2.perfectpace.com/event/1752,20,Pichler,Stephan,GER,10:28:33,01:15:22,05:14:24,03:54:28,http://triathlonranking2.perfectpace.com/athlete/182196
http://triathlonranking2.perfectpace.com/event/1752,21,Delkeskamp,Malte,GER,10:31:33,00:59:42,05:09:22,04:16:01,http://triathlonranking2.perfectpace.com/athlete/263047
http://triathlonranking2.perfectpace.com/event/1752,22,Planer,Fabian,AUT,10:33:54,01:12:14,05:14:10,04:02:31,http://triathlonranking2.perfectpace.com/athlete/240153
http://triathlonranking2.perfectpace.com/event/1752,23,Seybert,Samuel,AUT,10:36:09,01:13:38,05:07:33,04:09:11,http://triathlonranking2.perfectpace.com/athlete/240100
http://triathlonranking2.perfectpace.com/event/1752,24,Daniel,Jirji,CZE,10:38:13,01:04:53,05:23:04,04:03:44,http://triathlonranking2.perfectpace.com/athlete/263048
http://triathlonranking2.perfectpace.com/event/1752,25,Silmbrod,Günther,AUT,10:38:48,01:15:14,05:18:22,03:58:27,http://triathlonranking2.perfectpace.com/athlete/170750
http://triathlonranking2.perfectpace.com/event/1752,26,Hüttlin,Thomas,SUI,10:40:11,01:08:55,05:01:38,04:24:51,http://triathlonranking2.perfectpace.com/athlete/263049
http://triathlonranking2.perfectpace.com/event/1752,27,Gott,Gerrit,AUT,10:44:10,01:19:18,05:01:18,04:18:48,http://triathlonranking2.perfectpace.com/athlete/197437
http://triathlonranking2.perfectpace.com/event/1752,28,Sitek,Simon,AUT,10:47:42,01:11:05,05:34:20,03:56:42,http://triathlonranking2.perfectpace.com/athlete/210218
http://triathlonranking2.perfectpace.com/event/1752,29,Horvath,Gergo,HUN,10:49:06,01:21:24,05:33:55,03:45:46,http://triathlonranking2.perfectpace.com/athlete/263050
http://triathlonranking2.perfectpace.com/event/1752,30,Ljubicic,Juro,CRO,10:51:32,01:22:41,05:18:26,04:04:40,http://triathlonranking2.perfectpace.com/athlete/263051
http://triathlonranking2.perfectpace.com/event/1752,31,Stára,Frantisek,CZE,10:51:34,01:22:08,05:31:00,03:53:10,http://triathlonranking2.perfectpace.com/athlete/263052
http://triathlonranking2.perfectpace.com/event/1752,32,Zwölfer,Werner,AUT,10:53:14,01:13:19,05:10:00,04:24:04,http://triathlonranking2.perfectpace.com/athlete/182995
http://triathlonranking2.perfectpace.com/event/1752,33,Morman,Dalibor,AUT,10:53:44,01:13:38,05:20:43,04:10:55,http://triathlonranking2.perfectpace.com/athlete/160872
http://triathlonranking2.perfectpace.com/event/1752,34,Frölich,André,GER,10:56:41,01:02:50,05:40:16,04:08:20,http://triathlonranking2.perfectpace.com/athlete/238586
http://triathlonranking2.perfectpace.com/event/1752,35,Groch-Fischer,Jürgen,AUT,10:59:34,01:15:14,05:21:26,04:17:27,http://triathlonranking2.perfectpace.com/athlete/248587
http://triathlonranking2.perfectpace.com/event/1752,36,Schlappal,Roland,AUT,10:59:45,01:34:17,05:18:53,03:58:52,http://triathlonranking2.perfectpace.com/athlete/25691
http://triathlonranking2.perfectpace.com/event/1752,37,Reininger,Markus,AUT,11:02:30,01:20:08,05:22:47,04:14:20,http://triathlonranking2.perfectpace.com/athlete/4775
http://triathlonranking2.perfectpace.com/event/1752,38,Planinsek,Vedran,CRO,11:13:06,01:23:01,05:18:56,04:23:50,http://triathlonranking2.perfectpace.com/athlete/263053
http://triathlonranking2.perfectpace.com/event/1752,39,Scerba,Marek,CZE,11:18:39,01:24:49,05:25:14,04:21:59,http://triathlonranking2.perfectpace.com/athlete/263054
http://triathlonranking2.perfectpace.com/event/1752,40,Hornyik,Markus,AUT,11:19:33,01:24:20,05:17:31,04:28:23,http://triathlonranking2.perfectpace.com/athlete/233732
http://triathlonranking2.perfectpace.com/event/1752,41,Ölzant,Stefan,AUT,11:21:50,01:08:51,04:43:56,05:24:38,http://triathlonranking2.perfectpace.com/athlete/241184
http://triathlonranking2.perfectpace.com/event/1752,42,Csanád,Simon,HUN,11:22:39,01:23:07,05:26:44,04:25:56,http://triathlonranking2.perfectpace.com/athlete/263055
http://triathlonranking2.perfectpace.com/event/1752,43,Kaupe,Michael,AUT,11:27:08,01:44:03,05:35:31,03:58:25,http://triathlonranking2.perfectpace.com/athlete/232583
http://triathlonranking2.perfectpace.com/event/1752,44,Schachner,Markus,AUT,11:28:48,01:18:22,06:22:47,03:41:58,http://triathlonranking2.perfectpace.com/athlete/252206
http://triathlonranking2.perfectpace.com/event/1752,45,Macek,Andreas,AUT,11:32:15,01:27:23,05:28:15,04:30:50,http://triathlonranking2.perfectpace.com/athlete/214143
http://triathlonranking2.perfectpace.com/event/1752,46,Fort,Vítezslav,CZE,11:34:47,01:13:57,05:27:58,04:40:02,http://triathlonranking2.perfectpace.com/athlete/198259
http://triathlonranking2.perfectpace.com/event/1752,47,Müllner,Wolfgang,AUT,11:35:43,01:32:48,05:37:07,04:18:51,http://triathlonranking2.perfectpace.com/athlete/3621
http://triathlonranking2.perfectpace.com/event/1752,48,Frühwirth,Alexander,AUT,11:41:17,01:10:33,05:49:52,04:34:54,http://triathlonranking2.perfectpace.com/athlete/449
http://triathlonranking2.perfectpace.com/event/1752,49,Höhl,Robert,AUT,11:45:15,01:33:34,05:32:44,04:28:12,http://triathlonranking2.perfectpace.com/athlete/240141
http://triathlonranking2.perfectpace.com/event/1752,50,Ziggerhofer,Stefan,AUT,11:46:41,01:24:24,05:53:39,04:23:40,http://triathlonranking2.perfectpace.com/athlete/257312
http://triathlonranking2.perfectpace.com/event/1752,51,Schram,Christian,AUT,11:47:03,01:51:20,05:29:33,04:11:41,http://triathlonranking2.perfectpace.com/athlete/148
http://triathlonranking2.perfectpace.com/event/1752,52,Just,Martin,AUT,11:47:10,01:15:18,05:12:34,05:06:57,http://triathlonranking2.perfectpace.com/athlete/192451
http://triathlonranking2.perfectpace.com/event/1752,53,Juen,Florian,AUT,11:47:39,01:24:32,05:39:37,04:36:57,http://triathlonranking2.perfectpace.com/athlete/127928
http://triathlonranking2.perfectpace.com/event/1752,54,Schnellinger,Michael,AUT,11:50:55,01:15:51,05:31:51,04:56:49,http://triathlonranking2.perfectpace.com/athlete/209533
http://triathlonranking2.perfectpace.com/event/1752,55,Vrbovský,Martin,SVK,11:51:14,01:28:02,05:37:03,04:36:08,http://triathlonranking2.perfectpace.com/athlete/230912
http://triathlonranking2.perfectpace.com/event/1752,56,Madavic,Dragan,CRO,11:51:42,01:19:24,05:47:42,04:27:21,http://triathlonranking2.perfectpace.com/athlete/263056
http://triathlonranking2.perfectpace.com/event/1752,57,Holzweber,Georg,AUT,11:51:48,01:08:53,05:03:28,05:31:44,http://triathlonranking2.perfectpace.com/athlete/235154
http://triathlonranking2.perfectpace.com/event/1752,58,Marouschek,Paul,AUT,11:59:23,01:18:34,05:12:54,05:18:12,http://triathlonranking2.perfectpace.com/athlete/1241
http://triathlonranking2.perfectpace.com/event/1752,59,Vecsera,Zsolt,HUN,12:05:56,01:25:39,05:39:44,04:52:11,http://triathlonranking2.perfectpace.com/athlete/251324
http://triathlonranking2.perfectpace.com/event/1752,60,Kupiec,Adam,POL,12:06:01,01:44:23,05:36:40,04:33:53,http://triathlonranking2.perfectpace.com/athlete/158180
http://triathlonranking2.perfectpace.com/event/1753,1,Weiss,Michael,AUT,03:41:56,00:26:40,01:52:04,01:19:25,http://triathlonranking2.perfectpace.com/athlete/387
http://triathlonranking2.perfectpace.com/event/1753,2,Silberbauer,Andreas,AUT,03:47:05,00:29:08,01:57:53,01:17:10,http://triathlonranking2.perfectpace.com/athlete/178783
http://triathlonranking2.perfectpace.com/event/1753,3,Aschenbrenner,Sebastian,AUT,03:50:22,00:26:25,01:58:28,01:22:14,http://triathlonranking2.perfectpace.com/athlete/14332
http://triathlonranking2.perfectpace.com/event/1753,4,Stengel,Lukas,GER,03:52:22,00:25:13,01:54:27,01:29:37,http://triathlonranking2.perfectpace.com/athlete/248172
http://triathlonranking2.perfectpace.com/event/1753,5,Nunar,Matevz,SLO,03:53:28,00:25:37,02:00:34,01:24:12,http://triathlonranking2.perfectpace.com/athlete/248110
http://triathlonranking2.perfectpace.com/event/1753,6,Badar,Gergö,HUN,03:58:03,00:25:33,01:59:43,01:29:45,http://triathlonranking2.perfectpace.com/athlete/125612
http://triathlonranking2.perfectpace.com/event/1753,7,Kandutsch,Florian,AUT,04:00:52,00:27:35,02:02:43,01:26:22,http://triathlonranking2.perfectpace.com/athlete/5308
http://triathlonranking2.perfectpace.com/event/1753,8,Wagner,Tamas,HUN,04:01:53,00:24:33,02:06:20,01:27:05,http://triathlonranking2.perfectpace.com/athlete/246168
http://triathlonranking2.perfectpace.com/event/1753,9,Halmheu,Florian,GER,04:05:14,00:31:14,02:08:44,01:22:15,http://triathlonranking2.perfectpace.com/athlete/263074
http://triathlonranking2.perfectpace.com/event/1753,10,Zsebe,Oliver,HUN,04:06:11,00:26:42,02:08:15,01:28:02,http://triathlonranking2.perfectpace.com/athlete/247930
http://triathlonranking2.perfectpace.com/event/1753,11,Marl,Reinhard,AUT,04:06:27,00:34:16,02:01:17,01:26:46,http://triathlonranking2.perfectpace.com/athlete/228917
http://triathlonranking2.perfectpace.com/event/1753,12,Deak,Zsombor,ROU,04:09:25,00:29:57,02:09:56,01:26:23,http://triathlonranking2.perfectpace.com/athlete/212696
http://triathlonranking2.perfectpace.com/event/1753,13,Alexandru,Toma,ROU,04:09:25,00:24:31,02:11:07,01:30:08,http://triathlonranking2.perfectpace.com/athlete/263075
http://triathlonranking2.perfectpace.com/event/1753,14,Türk,Matthias,GER,04:09:47,00:28:29,01:58:29,01:39:41,http://triathlonranking2.perfectpace.com/athlete/232246
http://triathlonranking2.perfectpace.com/event/1753,15,Klemen,Suligoj,SLO,04:10:27,00:33:28,02:12:33,01:18:29,http://triathlonranking2.perfectpace.com/athlete/263076
http://triathlonranking2.perfectpace.com/event/1753,16,Stengel,Jonas,GER,04:13:40,00:29:24,02:06:45,01:33:52,http://triathlonranking2.perfectpace.com/athlete/243772
http://triathlonranking2.perfectpace.com/event/1753,17,Mühlbacher,Roland,AUT,04:13:49,00:31:35,02:10:03,01:28:01,http://triathlonranking2.perfectpace.com/athlete/3616
http://triathlonranking2.perfectpace.com/event/1753,18,Szabó,Tamás,ROU,04:14:54,00:36:15,02:10:44,01:23:53,http://triathlonranking2.perfectpace.com/athlete/263077
http://triathlonranking2.perfectpace.com/event/1753,19,Allram,Rene,AUT,04:15:22,00:33:46,02:07:14,01:30:52,http://triathlonranking2.perfectpace.com/athlete/170722
http://triathlonranking2.perfectpace.com/event/1753,20,Olsan,Martin,CZE,04:16:10,00:30:51,02:08:37,01:32:55,http://triathlonranking2.perfectpace.com/athlete/178031
http://triathlonranking2.perfectpace.com/event/1753,21,Elbizanti,Yasin,AUT,04:16:55,00:35:40,01:58:46,01:38:30,http://triathlonranking2.perfectpace.com/athlete/210754
http://triathlonranking2.perfectpace.com/event/1753,22,Bruckner,Christian,AUT,04:18:16,00:31:52,02:09:07,01:32:50,http://triathlonranking2.perfectpace.com/athlete/35306
http://triathlonranking2.perfectpace.com/event/1753,23,Nikolics,Zorán,HUN,04:20:34,00:27:40,02:11:29,01:37:54,http://triathlonranking2.perfectpace.com/athlete/177318
http://triathlonranking2.perfectpace.com/event/1753,24,Unger,Alex,AUT,04:20:41,00:32:24,02:12:52,01:31:28,http://triathlonranking2.perfectpace.com/athlete/200545
http://triathlonranking2.perfectpace.com/event/1753,25,Stadlberger,Alexander,AUT,04:22:48,00:29:17,02:10:59,01:38:19,http://triathlonranking2.perfectpace.com/athlete/213414
http://triathlonranking2.perfectpace.com/event/1753,26,Auttrit,Fabian,AUT,04:23:15,00:31:18,02:14:09,01:34:08,http://triathlonranking2.perfectpace.com/athlete/251252
http://triathlonranking2.perfectpace.com/event/1753,27,Schedl,Simon,AUT,04:23:19,00:32:55,02:12:32,01:34:05,http://triathlonranking2.perfectpace.com/athlete/121719
http://triathlonranking2.perfectpace.com/event/1753,28,Mochart,Michael,AUT,04:24:44,00:32:46,02:08:38,01:39:35,http://triathlonranking2.perfectpace.com/athlete/232678
http://triathlonranking2.perfectpace.com/event/1753,29,Staschewski,Simon,GER,04:25:26,00:31:16,02:14:15,01:35:54,http://triathlonranking2.perfectpace.com/athlete/233580
http://triathlonranking2.perfectpace.com/event/1753,30,Kerekes,Abel,HUN,04:26:46,00:29:36,02:11:53,01:40:37,http://triathlonranking2.perfectpace.com/athlete/165070
http://triathlonranking2.perfectpace.com/event/1753,31,Peinhopf,Jonathan,AUT,04:26:51,00:31:28,02:07:24,01:44:33,http://triathlonranking2.perfectpace.com/athlete/251895
http://triathlonranking2.perfectpace.com/event/1753,32,Mürkli,Márton,HUN,04:27:47,00:24:28,02:21:19,01:38:37,http://triathlonranking2.perfectpace.com/athlete/263078
http://triathlonranking2.perfectpace.com/event/1753,33,Hartenstein,Alexander,AUT,04:28:10,00:33:42,02:11:49,01:38:34,http://triathlonranking2.perfectpace.com/athlete/241050
http://triathlonranking2.perfectpace.com/event/1753,34,Plank,Manuel,AUT,04:28:43,00:34:06,02:21:17,01:30:03,http://triathlonranking2.perfectpace.com/athlete/185023
http://triathlonranking2.perfectpace.com/event/1753,35,Trimmel,Andreas,AUT,04:29:09,00:31:36,02:16:05,01:38:34,http://triathlonranking2.perfectpace.com/athlete/2704
http://triathlonranking2.perfectpace.com/event/1753,36,Reiter,Markus,AUT,04:30:00,00:31:39,02:10:01,01:43:30,http://triathlonranking2.perfectpace.com/athlete/159204
http://triathlonranking2.perfectpace.com/event/1753,37,Pertschy,Benjamin,AUT,04:30:39,00:27:41,02:10:27,01:48:24,http://triathlonranking2.perfectpace.com/athlete/201076
http://triathlonranking2.perfectpace.com/event/1753,38,Rapacz,Jakub,POL,04:31:02,00:29:11,02:11:18,01:46:13,http://triathlonranking2.perfectpace.com/athlete/160149
http://triathlonranking2.perfectpace.com/event/1753,39,Simon,Gabriel,,04:31:11,00:25:10,02:18:20,01:43:10,http://triathlonranking2.perfectpace.com/athlete/263079
http://triathlonranking2.perfectpace.com/event/1753,40,Ernst,Markus,AUT,04:31:54,00:37:28,02:12:33,01:37:12,http://triathlonranking2.perfectpace.com/athlete/4598
http://triathlonranking2.perfectpace.com/event/1753,41,Hamacher,Jörg,GER,04:32:24,00:36:25,02:18:00,01:29:37,http://triathlonranking2.perfectpace.com/athlete/263080
http://triathlonranking2.perfectpace.com/event/1753,42,Sponner,Julian,AUT,04:32:42,00:28:35,02:13:15,01:47:28,http://triathlonranking2.perfectpace.com/athlete/200987
http://triathlonranking2.perfectpace.com/event/1753,43,Pillichshammer,Gerald,AUT,04:32:50,00:40:26,02:12:51,01:34:57,http://triathlonranking2.perfectpace.com/athlete/200782
http://triathlonranking2.perfectpace.com/event/1753,44,Henzl,Hermann,AUT,04:34:21,00:35:26,02:14:19,01:39:59,http://triathlonranking2.perfectpace.com/athlete/240721
http://triathlonranking2.perfectpace.com/event/1753,45,Simkovic,Oliver,SVK,04:35:57,00:26:21,02:14:53,01:49:41,http://triathlonranking2.perfectpace.com/athlete/263081
http://triathlonranking2.perfectpace.com/event/1753,46,Bürlein,Marius,GER,04:37:17,00:34:16,02:09:20,01:49:57,http://triathlonranking2.perfectpace.com/athlete/263082
http://triathlonranking2.perfectpace.com/event/1753,47,Grössinger,Alexander,AUT,04:37:26,00:37:15,02:14:43,01:40:01,http://triathlonranking2.perfectpace.com/athlete/85508
http://triathlonranking2.perfectpace.com/event/1753,48,Kollar,Peter,SVK,04:39:18,00:35:08,02:15:26,01:45:19,http://triathlonranking2.perfectpace.com/athlete/263083
http://triathlonranking2.perfectpace.com/event/1753,49,Frad,Georg,AUT,04:39:25,00:31:34,02:21:42,01:42:26,http://triathlonranking2.perfectpace.com/athlete/4853
http://triathlonranking2.perfectpace.com/event/1753,50,Cech,Jan,SVK,04:39:33,00:33:58,02:15:11,01:43:45,http://triathlonranking2.perfectpace.com/athlete/263084
http://triathlonranking2.perfectpace.com/event/1753,51,Padysak,Matus,SVK,04:40:12,00:35:19,02:15:05,01:45:27,http://triathlonranking2.perfectpace.com/athlete/263085
http://triathlonranking2.perfectpace.com/event/1753,52,Torau,Werner,AUT,04:42:15,00:31:49,02:13:44,01:52:44,http://triathlonranking2.perfectpace.com/athlete/8121
http://triathlonranking2.perfectpace.com/event/1753,53,Spindler,Bernhard,AUT,04:43:59,00:35:36,02:16:30,01:47:31,http://triathlonranking2.perfectpace.com/athlete/4567
http://triathlonranking2.perfectpace.com/event/1753,54,Schmusch,Wolfgang,SVK,04:44:53,00:31:42,02:24:00,01:44:07,http://triathlonranking2.perfectpace.com/athlete/263086
http://triathlonranking2.perfectpace.com/event/1753,55,Stadler,Christoph,AUT,04:45:34,00:39:56,02:27:31,01:33:15,http://triathlonranking2.perfectpace.com/athlete/262825
http://triathlonranking2.perfectpace.com/event/1753,56,Gludowatz,Felix,AUT,04:45:41,00:43:02,02:19:26,01:37:27,http://triathlonranking2.perfectpace.com/athlete/231093
http://triathlonranking2.perfectpace.com/event/1753,57,Götz,Manuel,AUT,04:45:58,00:38:20,02:11:36,01:52:09,http://triathlonranking2.perfectpace.com/athlete/231521
http://triathlonranking2.perfectpace.com/event/1753,58,Klawacs,Christian,AUT,04:46:47,00:34:03,02:18:48,01:49:54,http://triathlonranking2.perfectpace.com/athlete/7732
http://triathlonranking2.perfectpace.com/event/1753,59,Kössner,Manuel,AUT,04:47:10,00:34:45,02:26:03,01:41:43,http://triathlonranking2.perfectpace.com/athlete/257881
http://triathlonranking2.perfectpace.com/event/1753,60,Rother,Benjamin,GER,04:47:50,00:39:19,02:19:50,01:44:46,http://triathlonranking2.perfectpace.com/athlete/243358
http://triathlonranking2.perfectpace.com/event/1762,1,Bader,Jan,AUT,01:00:39,00:08:33,00:32:43,00:17:42,http://triathlonranking2.perfectpace.com/athlete/197449
http://triathlonranking2.perfectpace.com/event/1762,2,Luftensteiner,Peter,AUT,01:00:42,00:08:30,00:32:47,00:17:44,http://triathlonranking2.perfectpace.com/athlete/159868
http://triathlonranking2.perfectpace.com/event/1762,3,Keller,Niklas,AUT,01:01:02,00:08:36,00:32:39,00:18:08,http://triathlonranking2.perfectpace.com/athlete/178812
http://triathlonranking2.perfectpace.com/event/1762,4,Künz,Samuel,AUT,01:01:45,00:08:28,00:32:51,00:18:46,http://triathlonranking2.perfectpace.com/athlete/248793
http://triathlonranking2.perfectpace.com/event/1762,5,Künz,Noah,AUT,01:01:55,00:08:36,00:32:38,00:19:04,http://triathlonranking2.perfectpace.com/athlete/213699
http://triathlonranking2.perfectpace.com/event/1762,6,Meier,Moritz,AUT,01:02:13,00:09:01,00:32:17,00:19:13,http://triathlonranking2.perfectpace.com/athlete/186627
http://triathlonranking2.perfectpace.com/event/1762,7,Meier,Jakob,AUT,01:02:21,00:09:02,00:32:18,00:19:20,http://triathlonranking2.perfectpace.com/athlete/213698
http://triathlonranking2.perfectpace.com/event/1762,8,Kapeller,Brody,AUT,01:02:28,00:08:37,00:32:38,00:19:28,http://triathlonranking2.perfectpace.com/athlete/248791
http://triathlonranking2.perfectpace.com/event/1762,9,Alb,Jan,AUT,01:02:51,00:08:32,00:32:43,00:19:53,http://triathlonranking2.perfectpace.com/athlete/232167
http://triathlonranking2.perfectpace.com/event/1762,10,Leitner,Patrik,AUT,01:02:53,00:08:28,00:32:47,00:19:52,http://triathlonranking2.perfectpace.com/athlete/201059
http://triathlonranking2.perfectpace.com/event/1762,11,Schober,Maro,AUT,01:04:06,00:08:34,00:32:44,00:21:03,http://triathlonranking2.perfectpace.com/athlete/233327
http://triathlonranking2.perfectpace.com/event/1762,12,Dolinschek,Siméon,AUT,01:04:30,00:09:15,00:34:30,00:18:59,http://triathlonranking2.perfectpace.com/athlete/232163
http://triathlonranking2.perfectpace.com/event/1762,13,Vollmann,David,AUT,01:05:08,00:08:58,00:34:44,00:19:37,http://triathlonranking2.perfectpace.com/athlete/129317
http://triathlonranking2.perfectpace.com/event/1762,14,Lorber,Christoph,AUT,01:06:04,00:09:36,00:34:48,00:19:43,http://triathlonranking2.perfectpace.com/athlete/7665
http://triathlonranking2.perfectpace.com/event/1762,15,Mauersperger,Victor,AUT,01:06:38,00:09:11,00:35:15,00:20:27,http://triathlonranking2.perfectpace.com/athlete/263577
http://triathlonranking2.perfectpace.com/event/1762,16,Hauser,Jonas,AUT,01:07:00,00:08:34,00:35:51,00:20:40,http://triathlonranking2.perfectpace.com/athlete/242900
http://triathlonranking2.perfectpace.com/event/1762,17,Kühschweiger,Jürgen,AUT,01:07:24,00:09:20,00:35:34,00:20:35,http://triathlonranking2.perfectpace.com/athlete/206632
http://triathlonranking2.perfectpace.com/event/1762,18,Schweiger,Raphael,AUT,01:07:42,00:08:56,00:35:37,00:21:11,http://triathlonranking2.perfectpace.com/athlete/263578
http://triathlonranking2.perfectpace.com/event/1762,19,Galasso,Daniele,ITA,01:07:50,00:10:05,00:36:30,00:19:16,http://triathlonranking2.perfectpace.com/athlete/192383
http://triathlonranking2.perfectpace.com/event/1762,20,Weiß,Paul,AUT,01:08:06,00:09:01,00:35:19,00:21:47,http://triathlonranking2.perfectpace.com/athlete/263579
http://triathlonranking2.perfectpace.com/event/1762,21,Waldschütz,Sebastian,AUT,01:08:07,00:11:15,00:35:27,00:19:25,http://triathlonranking2.perfectpace.com/athlete/233806
http://triathlonranking2.perfectpace.com/event/1762,22,Groinig,Rene,AUT,01:08:21,00:10:09,00:34:36,00:21:31,http://triathlonranking2.perfectpace.com/athlete/8402
http://triathlonranking2.perfectpace.com/event/1762,23,Baumgartner,Lorenz,AUT,01:08:55,00:08:59,00:35:22,00:22:37,http://triathlonranking2.perfectpace.com/athlete/263580
http://triathlonranking2.perfectpace.com/event/1762,24,Dolgan,Tjaž,SLO,01:09:01,00:10:34,00:36:02,00:20:20,http://triathlonranking2.perfectpace.com/athlete/263581
http://triathlonranking2.perfectpace.com/event/1762,25,Legat,Maximilian,AUT,01:09:19,00:09:44,00:35:15,00:22:23,http://triathlonranking2.perfectpace.com/athlete/242902
http://triathlonranking2.perfectpace.com/event/1762,26,Leirer,Tobias,AUT,01:09:20,00:09:11,00:35:43,00:22:29,http://triathlonranking2.perfectpace.com/athlete/233831
http://triathlonranking2.perfectpace.com/event/1762,27,Gröbminger,Jonas,AUT,01:09:24,00:09:42,00:36:52,00:20:47,http://triathlonranking2.perfectpace.com/athlete/251200
http://triathlonranking2.perfectpace.com/event/1762,28,Caser,Emil,AUT,01:09:40,00:09:17,00:37:21,00:21:11,http://triathlonranking2.perfectpace.com/athlete/251419
http://triathlonranking2.perfectpace.com/event/1762,29,Peterka,Jan,SLO,01:10:00,00:09:05,00:37:18,00:21:50,http://triathlonranking2.perfectpace.com/athlete/263582
http://triathlonranking2.perfectpace.com/event/1762,30,Fresnel,Eloi,FRA,01:10:12,00:10:11,00:36:28,00:21:26,http://triathlonranking2.perfectpace.com/athlete/263583
http://triathlonranking2.perfectpace.com/event/1762,31,Leirer,Martin,AUT,01:10:27,00:11:09,00:35:26,00:21:50,http://triathlonranking2.perfectpace.com/athlete/21489
http://triathlonranking2.perfectpace.com/event/1762,32,Perik,Ferdinand,AUT,01:10:36,00:09:32,00:36:34,00:22:16,http://triathlonranking2.perfectpace.com/athlete/158939
http://triathlonranking2.perfectpace.com/event/1762,33,Lu?ovnik,Miha,SLO,01:11:26,00:10:22,00:36:19,00:22:42,http://triathlonranking2.perfectpace.com/athlete/263584
http://triathlonranking2.perfectpace.com/event/1762,34,Bachleitner-Hofmann,Felix,AUT,01:11:27,00:10:39,00:35:48,00:23:00,http://triathlonranking2.perfectpace.com/athlete/251420
http://triathlonranking2.perfectpace.com/event/1762,35,Kaufmann,Nicolas,AUT,01:11:31,00:11:20,00:37:14,00:20:41,http://triathlonranking2.perfectpace.com/athlete/251793
http://triathlonranking2.perfectpace.com/event/1762,36,Parzer,Roman,AUT,01:11:34,00:11:11,00:35:15,00:22:41,http://triathlonranking2.perfectpace.com/athlete/225460
http://triathlonranking2.perfectpace.com/event/1762,37,Köstl-Lenz,Massimo,AUT,01:11:37,00:10:25,00:36:20,00:22:48,http://triathlonranking2.perfectpace.com/athlete/13594
http://triathlonranking2.perfectpace.com/event/1762,38,Kaml,Kilian,AUT,01:11:38,00:09:02,00:35:41,00:24:41,http://triathlonranking2.perfectpace.com/athlete/248769
http://triathlonranking2.perfectpace.com/event/1762,39,Tischler,Andreas,AUT,01:12:12,00:11:22,00:35:51,00:22:25,http://triathlonranking2.perfectpace.com/athlete/201705
http://triathlonranking2.perfectpace.com/event/1762,40,Grün,Max,AUT,01:12:21,00:09:19,00:39:26,00:21:31,http://triathlonranking2.perfectpace.com/athlete/242846
http://triathlonranking2.perfectpace.com/event/1762,41,Lipovsek,Jan,SLO,01:12:46,00:11:37,00:37:30,00:21:39,http://triathlonranking2.perfectpace.com/athlete/13590
http://triathlonranking2.perfectpace.com/event/1762,42,Vrhunc,Tilen,SLO,01:13:00,00:11:10,00:37:38,00:21:42,http://triathlonranking2.perfectpace.com/athlete/260494
http://triathlonranking2.perfectpace.com/event/1762,43,Gstaltner,Markus,AUT,01:13:04,00:09:40,00:38:59,00:22:13,http://triathlonranking2.perfectpace.com/athlete/128894
http://triathlonranking2.perfectpace.com/event/1762,44,Mlakar,Nace,SLO,01:13:25,00:10:00,00:39:08,00:22:17,http://triathlonranking2.perfectpace.com/athlete/263585
http://triathlonranking2.perfectpace.com/event/1762,45,Mosshammer,Maximilian,AUT,01:13:27,00:09:02,00:37:35,00:24:54,http://triathlonranking2.perfectpace.com/athlete/243002
http://triathlonranking2.perfectpace.com/event/1762,46,Sattler,Fabio,AUT,01:13:35,00:09:15,00:38:08,00:24:15,http://triathlonranking2.perfectpace.com/athlete/263586
http://triathlonranking2.perfectpace.com/event/1762,47,Grabenhofer,Daniel,AUT,01:13:45,00:11:41,00:36:55,00:23:01,http://triathlonranking2.perfectpace.com/athlete/196983
http://triathlonranking2.perfectpace.com/event/1762,48,Leitner,Franz,AUT,01:13:50,00:12:50,00:36:22,00:22:05,http://triathlonranking2.perfectpace.com/athlete/7793
http://triathlonranking2.perfectpace.com/event/1762,49,Skof,Christian,AUT,01:13:53,00:11:07,00:37:12,00:23:04,http://triathlonranking2.perfectpace.com/athlete/9024
http://triathlonranking2.perfectpace.com/event/1762,50,Polak,Johannes,AUT,01:14:02,00:10:10,00:36:22,00:25:11,http://triathlonranking2.perfectpace.com/athlete/11293
http://triathlonranking2.perfectpace.com/event/1762,51,Schussmann,Christian,AUT,01:14:10,00:12:26,00:36:35,00:22:24,http://triathlonranking2.perfectpace.com/athlete/169841
http://triathlonranking2.perfectpace.com/event/1762,52,Wrulich,Martin,AUT,01:15:04,00:11:52,00:36:52,00:23:29,http://triathlonranking2.perfectpace.com/athlete/45475
http://triathlonranking2.perfectpace.com/event/1762,53,Jungmann,Martin,AUT,01:15:07,00:13:07,00:37:53,00:20:55,http://triathlonranking2.perfectpace.com/athlete/248506
http://triathlonranking2.perfectpace.com/event/1762,54,Rauter,Alexander,AUT,01:15:45,00:11:02,00:38:59,00:23:04,http://triathlonranking2.perfectpace.com/athlete/5183
http://triathlonranking2.perfectpace.com/event/1762,55,Bauer,Rene,AUT,01:15:47,00:12:00,00:38:55,00:22:34,http://triathlonranking2.perfectpace.com/athlete/9163
http://triathlonranking2.perfectpace.com/event/1762,56,Fleck,Nicolai,GER,01:15:57,00:13:10,00:37:41,00:22:14,http://triathlonranking2.perfectpace.com/athlete/241081
http://triathlonranking2.perfectpace.com/event/1762,57,Pichler-Klary,Christian,AUT,01:16:02,00:12:07,00:37:04,00:24:30,http://triathlonranking2.perfectpace.com/athlete/213974
http://triathlonranking2.perfectpace.com/event/1762,58,Schwarz,Albuin,AUT,01:16:03,00:11:32,00:38:42,00:23:28,http://triathlonranking2.perfectpace.com/athlete/7011
http://triathlonranking2.perfectpace.com/event/1762,59,Sneditz,Andreas,AUT,01:16:15,00:12:27,00:37:52,00:22:51,http://triathlonranking2.perfectpace.com/athlete/230868
http://triathlonranking2.perfectpace.com/event/1762,60,Kager,Manfred,AUT,01:17:26,00:13:12,00:38:20,00:23:30,http://triathlonranking2.perfectpace.com/athlete/127872
http://triathlonranking2.perfectpace.com/event/1749,1,Schweiger,Stefan,AUT,01:06:02,00:13:56,00:32:05,00:18:34,http://triathlonranking2.perfectpace.com/athlete/784
http://triathlonranking2.perfectpace.com/event/1749,2,Bruckner,Christian,AUT,01:06:12,00:13:28,00:32:39,00:18:46,http://triathlonranking2.perfectpace.com/athlete/35306
http://triathlonranking2.perfectpace.com/event/1749,3,Staudinger,Alfred,AUT,01:09:07,00:15:15,00:33:37,00:19:03,http://triathlonranking2.perfectpace.com/athlete/14183
http://triathlonranking2.perfectpace.com/event/1749,4,Wiesmüller,Patrick,AUT,01:09:19,00:13:40,00:34:50,00:19:31,http://triathlonranking2.perfectpace.com/athlete/250510
http://triathlonranking2.perfectpace.com/event/1749,5,Bühringer,Hannes,AUT,01:10:43,00:15:35,00:35:54,00:18:06,http://triathlonranking2.perfectpace.com/athlete/178994
http://triathlonranking2.perfectpace.com/event/1749,6,Worzfeld,Martin,AUT,01:10:51,00:15:21,00:34:16,00:19:47,http://triathlonranking2.perfectpace.com/athlete/14214
http://triathlonranking2.perfectpace.com/event/1749,7,Afflenzer,Demir,AUT,01:11:10,00:13:48,00:36:11,00:20:15,http://triathlonranking2.perfectpace.com/athlete/248183
http://triathlonranking2.perfectpace.com/event/1749,8,Krug,Alexander,AUT,01:11:50,00:16:08,00:34:22,00:19:42,http://triathlonranking2.perfectpace.com/athlete/252611
http://triathlonranking2.perfectpace.com/event/1749,9,Trautsamwieser,Thomas,AUT,01:12:28,00:14:39,00:35:49,00:20:29,http://triathlonranking2.perfectpace.com/athlete/240675
http://triathlonranking2.perfectpace.com/event/1749,10,Neuhauser,Andreas,AUT,01:12:31,00:15:58,00:33:49,00:20:48,http://triathlonranking2.perfectpace.com/athlete/205474
http://triathlonranking2.perfectpace.com/event/1749,11,Eigelsreiter,Tobias,AUT,01:12:45,00:15:31,00:36:29,00:19:22,http://triathlonranking2.perfectpace.com/athlete/230264
http://triathlonranking2.perfectpace.com/event/1749,12,Torau,Werner,AUT,01:12:50,00:13:54,00:36:24,00:21:09,http://triathlonranking2.perfectpace.com/athlete/8121
http://triathlonranking2.perfectpace.com/event/1749,13,Wallner,Michael,AUT,01:13:08,00:14:38,00:35:12,00:21:57,http://triathlonranking2.perfectpace.com/athlete/196989
http://triathlonranking2.perfectpace.com/event/1749,14,Leitner,Stefan,AUT,01:13:29,00:13:47,00:38:05,00:20:04,http://triathlonranking2.perfectpace.com/athlete/448
http://triathlonranking2.perfectpace.com/event/1749,15,Ziachehabi,Tobias,AUT,01:13:49,00:12:23,00:36:28,00:23:55,http://triathlonranking2.perfectpace.com/athlete/235249
http://triathlonranking2.perfectpace.com/event/1749,16,Harm,Bernhard,AUT,01:13:59,00:15:55,00:35:52,00:20:32,http://triathlonranking2.perfectpace.com/athlete/262828
http://triathlonranking2.perfectpace.com/event/1749,17,Bednar,Tomas,CZE,01:14:13,00:12:22,00:38:30,00:22:16,http://triathlonranking2.perfectpace.com/athlete/12490
http://triathlonranking2.perfectpace.com/event/1749,18,Geister,Konstantin,AUT,01:14:24,00:12:15,00:41:09,00:20:02,http://triathlonranking2.perfectpace.com/athlete/233330
http://triathlonranking2.perfectpace.com/event/1749,19,Riedel,Martin,AUT,01:14:32,00:14:45,00:37:55,00:20:28,http://triathlonranking2.perfectpace.com/athlete/6955
http://triathlonranking2.perfectpace.com/event/1749,20,Dorninger,Walter,AUT,01:14:37,00:15:41,00:37:45,00:19:40,http://triathlonranking2.perfectpace.com/athlete/160002
http://triathlonranking2.perfectpace.com/event/1749,21,Mauritz,Tobias,AUT,01:15:06,00:14:15,00:38:40,00:21:14,http://triathlonranking2.perfectpace.com/athlete/243361
http://triathlonranking2.perfectpace.com/event/1749,22,Janker,Dominik,AUT,01:15:34,00:16:13,00:36:43,00:20:52,http://triathlonranking2.perfectpace.com/athlete/198962
http://triathlonranking2.perfectpace.com/event/1749,23,Freinberger,Franz,AUT,01:15:52,00:14:33,00:38:00,00:22:15,http://triathlonranking2.perfectpace.com/athlete/455
http://triathlonranking2.perfectpace.com/event/1749,24,Neudorfhofer-Myslik,Roland,AUT,01:16:05,00:17:57,00:36:21,00:20:35,http://triathlonranking2.perfectpace.com/athlete/225905
http://triathlonranking2.perfectpace.com/event/1749,25,Freinberger,Matthias,AUT,01:17:10,00:16:03,00:37:57,00:21:58,http://triathlonranking2.perfectpace.com/athlete/262908
http://triathlonranking2.perfectpace.com/event/1749,26,Gschwandtner,Daniel,AUT,01:17:24,00:16:22,00:39:09,00:20:26,http://triathlonranking2.perfectpace.com/athlete/251808
http://triathlonranking2.perfectpace.com/event/1749,27,Raab,Martin,AUT,01:18:03,00:14:20,00:38:40,00:24:04,http://triathlonranking2.perfectpace.com/athlete/3013
http://triathlonranking2.perfectpace.com/event/1749,28,Binder,Andreas,AUT,01:19:08,00:15:53,00:38:38,00:23:01,http://triathlonranking2.perfectpace.com/athlete/205511
http://triathlonranking2.perfectpace.com/event/1749,29,Schwarenthorer,Yannick,AUT,01:19:49,00:14:43,00:40:36,00:22:57,http://triathlonranking2.perfectpace.com/athlete/243383
http://triathlonranking2.perfectpace.com/event/1749,30,Oberleithner,Hannes,AUT,01:19:56,00:17:44,00:40:08,00:20:57,http://triathlonranking2.perfectpace.com/athlete/10451
http://triathlonranking2.perfectpace.com/event/1749,31,Grasser,Imanuel,AUT,01:20:11,00:17:36,00:40:31,00:20:24,http://triathlonranking2.perfectpace.com/athlete/5142
http://triathlonranking2.perfectpace.com/event/1749,32,Schönauer,Thomas,AUT,01:20:49,00:17:54,00:39:46,00:21:30,http://triathlonranking2.perfectpace.com/athlete/31848
http://triathlonranking2.perfectpace.com/event/1749,33,Fallmann,Gerhard,AUT,01:21:03,00:16:28,00:38:42,00:23:44,http://triathlonranking2.perfectpace.com/athlete/262909
http://triathlonranking2.perfectpace.com/event/1749,34,Barth,Kurt,AUT,01:21:14,00:14:27,00:41:10,00:23:53,http://triathlonranking2.perfectpace.com/athlete/601
http://triathlonranking2.perfectpace.com/event/1749,35,Klem,Daniel,AUT,01:21:17,00:16:27,00:40:03,00:23:23,http://triathlonranking2.perfectpace.com/athlete/250470
http://triathlonranking2.perfectpace.com/event/1749,36,Mayrhofer,Harald,AUT,01:22:19,00:16:00,00:40:51,00:22:56,http://triathlonranking2.perfectpace.com/athlete/248646
http://triathlonranking2.perfectpace.com/event/1749,37,Krist,Sebastian,AUT,01:22:35,20:48:42,20:48:42,20:48:42,http://triathlonranking2.perfectpace.com/athlete/262910
http://triathlonranking2.perfectpace.com/event/1749,38,Falkensammer,Phil,AUT,01:22:46,00:16:24,00:39:22,00:25:54,http://triathlonranking2.perfectpace.com/athlete/198677
http://triathlonranking2.perfectpace.com/event/1749,39,Hirtl,Manfred,AUT,01:22:48,00:18:29,00:39:05,00:23:25,http://triathlonranking2.perfectpace.com/athlete/44373
http://triathlonranking2.perfectpace.com/event/1749,40,Wagner,Markus,AUT,01:23:09,00:17:48,00:40:24,00:23:14,http://triathlonranking2.perfectpace.com/athlete/187621
http://triathlonranking2.perfectpace.com/event/1749,41,Klement,Christian,AUT,01:23:25,00:17:04,00:39:22,00:25:38,http://triathlonranking2.perfectpace.com/athlete/11753
http://triathlonranking2.perfectpace.com/event/1749,42,Zeilinger,Dieter,AUT,01:23:27,00:18:03,00:40:16,00:23:10,http://triathlonranking2.perfectpace.com/athlete/258181
http://triathlonranking2.perfectpace.com/event/1749,43,Haselsteiner,Alexander,AUT,01:23:44,00:17:44,00:41:00,00:23:38,http://triathlonranking2.perfectpace.com/athlete/1721
http://triathlonranking2.perfectpace.com/event/1749,44,Dostal,Jürgen,AUT,01:23:55,00:15:46,00:41:30,00:25:07,http://triathlonranking2.perfectpace.com/athlete/160013
http://triathlonranking2.perfectpace.com/event/1749,45,Grossinger,Stefan,AUT,01:24:05,00:19:31,00:38:47,00:24:20,http://triathlonranking2.perfectpace.com/athlete/262911
http://triathlonranking2.perfectpace.com/event/1749,46,Frühwirth,Alexander,AUT,01:24:15,00:14:14,00:42:18,00:26:31,http://triathlonranking2.perfectpace.com/athlete/449
http://triathlonranking2.perfectpace.com/event/1749,47,Weinstabl,Thomas,AUT,01:24:24,00:18:05,00:39:16,00:25:34,http://triathlonranking2.perfectpace.com/athlete/13497
http://triathlonranking2.perfectpace.com/event/1749,48,Sachslehner,Jürgen,AUT,01:24:46,00:16:14,00:40:05,00:27:24,http://triathlonranking2.perfectpace.com/athlete/262912
http://triathlonranking2.perfectpace.com/event/1749,49,Schwarz,Michael,AUT,01:24:49,00:18:39,00:39:45,00:24:35,http://triathlonranking2.perfectpace.com/athlete/251061
http://triathlonranking2.perfectpace.com/event/1749,50,Singer,Lukas,AUT,01:25:07,00:18:22,00:40:54,00:24:16,http://triathlonranking2.perfectpace.com/athlete/231476
http://triathlonranking2.perfectpace.com/event/1749,51,Fischer,Thomas,AUT,01:25:24,00:20:09,00:38:58,00:24:44,http://triathlonranking2.perfectpace.com/athlete/233811
http://triathlonranking2.perfectpace.com/event/1749,52,Gruber,Franz-Xaver,AUT,01:25:28,00:16:04,00:43:39,00:23:18,http://triathlonranking2.perfectpace.com/athlete/233739
http://triathlonranking2.perfectpace.com/event/1749,53,Resch,Günther,AUT,01:26:19,00:16:21,00:41:37,00:26:20,http://triathlonranking2.perfectpace.com/athlete/25497
http://triathlonranking2.perfectpace.com/event/1749,54,Kunz,Christian,AUT,01:26:22,00:17:46,00:41:54,00:25:46,http://triathlonranking2.perfectpace.com/athlete/3522
http://triathlonranking2.perfectpace.com/event/1749,55,Ebner,Simon,AUT,01:26:32,00:17:18,00:41:14,00:25:38,http://triathlonranking2.perfectpace.com/athlete/198973
http://triathlonranking2.perfectpace.com/event/1749,56,Mühlberger,Lukas,AUT,01:26:36,00:17:24,00:40:55,00:26:20,http://triathlonranking2.perfectpace.com/athlete/250905
http://triathlonranking2.perfectpace.com/event/1749,57,Fürnhammer,Hannes,AUT,01:26:57,00:15:06,00:44:08,00:24:04,http://triathlonranking2.perfectpace.com/athlete/44395
http://triathlonranking2.perfectpace.com/event/1749,58,Etlinger,Christoph,AUT,01:27:04,00:20:40,00:41:00,00:23:10,http://triathlonranking2.perfectpace.com/athlete/243278
http://triathlonranking2.perfectpace.com/event/1749,59,Donnemiller,Sebastian,AUT,01:27:10,00:18:29,00:46:40,00:19:25,http://triathlonranking2.perfectpace.com/athlete/262913
http://triathlonranking2.perfectpace.com/event/1749,60,Keusch,Daniel,AUT,01:27:14,00:16:05,00:43:19,00:25:57,http://triathlonranking2.perfectpace.com/athlete/248650
